{
    "normals":[0,-1,0,0,-0.999969,0,-0.0796228,0,-0.996796,0,0,-1,-1,0,0,0,1,0,0.204443,0,-0.978851,0.197821,0,-0.980224,0.0796228,0,-0.996796,1,0,0,-0.150761,0,-0.988556,-0.196783,0,-0.980438,-0.204443,0,-0.978851,-0.197821,0,-0.980224,0,0.999969,0,0.150761,0,-0.988556,0.196783,0,-0.980438,0.0926542,0,0.995666,0,0,0.999969,0.251259,0,0.967895,0.182775,0,0.983154,0.289926,0,0.95703,0.298898,0,0.954253,-0.0926542,0,0.995666,-0.251259,0,0.967895,-0.182775,0,0.983154,-0.289926,0,0.95703,-0.298898,0,0.954253,-0.250557,0,0.968078,-0.196814,0,0.980407,0,0,-0.999969,-0.229011,0,-0.973418,-0.245827,0,-0.969298,-0.0924711,0,0.995697,0.229011,0,-0.973418,0.245827,0,-0.969298,0.0924711,0,0.995697,0.250557,0,0.968078,0.196814,0,0.980407,0.27607,0,0.961119,0.300455,0,0.953764,-0.27607,0,0.961119,-0.300455,0,0.953764],
    "uvs":[[0.517552,0.245332,0.439773,0.245332,0.439773,0.69323,0.517552,0.676347,0.252273,0.245332,0.252273,0.72823,0.0647726,0.245332,-0.122727,0.245332,-0.122727,0.75823,0.0647726,0.750491,0.689773,0.923934,0.877273,0.923934,0.877273,0.873934,0.689773,0.873934,0.245333,0.923934,0.62823,0.923934,0.62823,0.873934,0.245333,0.873934,0.877273,0.245333,1.06477,0.245333,1.06477,0.750491,0.877273,0.75823,0.517552,0.923934,0.517552,0.873934,0.439773,0.873934,0.439773,0.923934,0.0647726,0.923934,0.0647726,0.873934,-0.122727,0.873934,-0.122727,0.923934,0.236993,0.245332,0.236993,0.676347,0.314773,0.69323,0.314773,0.245332,0.502273,0.72823,0.502273,0.245332,0.314773,0.245333,0.236993,0.245333,0.689773,0.750491,0.689773,0.245333,0.502273,0.923934,0.502273,0.873934,0.997272,0.923934,1.23699,0.923934,1.23699,0.873934,0.997272,0.873934,0.236993,0.923934,0.314773,0.923934,0.314773,0.873934,0.236993,0.873934,0.502273,0.245333,-0.00272751,0.62823,-0.00272751,0.245333,0.517552,0.245333,0.757273,0.245333,0.757273,0.62823,0.252273,0.873934,0.252273,0.923934,0.0647726,0.245333,0.252273,0.245333,0.439773,0.245333,0.757273,0.923934,0.757273,0.873934,0.689773,0.245332,0.877273,0.245332,0.997272,0.245333,0.997272,0.62823,1.23699,0.676347,1.23699,0.245332,0.50323,0.923933,0.120333,0.923933,0.120333,0.873933,0.50323,0.873933,0.338322,0.50323,0.340368,0.0353327,0.252273,0.0153327,0.252273,0.50323,0.877273,0.50323,0.877273,-0.0196671,1.06477,-0.0119281,1.06477,0.50323,0.689773,0.50323,0.689773,-0.0119281,0.0647726,0.50323,0.0647726,-0.0119281,-0.122727,-0.0196671,-0.122727,0.50323,0.0647726,0.923933,-0.122727,0.923933,-0.122727,0.873933,0.0647726,0.873933,0.397102,0.50323,0.39804,0.0522151,0.615505,0.120333,0.615504,0.50323,0.340368,0.923933,0.252273,0.923933,0.252273,0.873933,0.340368,0.873933,0.39804,0.923933,0.39804,0.873933,0.615505,0.923933,0.615505,0.873933,0.689773,0.923933,0.689773,0.873933,0.877273,0.873933,0.877273,0.923933,0.357443,0.50323,0.139041,0.50323,0.139041,0.120333,0.356505,0.0522151,0.414177,0.923933,0.414177,0.873933,0.502273,0.873933,0.502273,0.923933,0.416223,0.50323,0.502273,0.50323,0.502273,0.0153327,0.414177,0.0353327,0.414177,0.0353327,0.356505,0.923933,0.356505,0.873933,0.139041,0.923933,0.139041,0.873933,0.139041,0.50323,0.503229,0.873933,0.165332,0.873933,0.165332,0.773933,0.503229,0.773933,0.439991,0.873933,0.439991,0.773933,0.55675,0.773933,0.55675,0.873933,0.4415,0.503229,0.564464,0.503229,0.55675,0.0623541,0.439991,0.0924549,0.245331,0.873933,0.583228,0.873933,0.583228,0.773933,0.245331,0.773933,0.689773,0.873933,0.877273,0.873933,0.877273,0.773933,0.689773,0.773933,0.689773,0.245331,0.689773,0.705489,0.877273,0.713228,0.877273,0.245331,0.314773,0.873933,0.502273,0.873933,0.502273,0.773933,0.314773,0.773933,0.314773,0.245331,0.314773,0.648228,0.502273,0.683228,0.502273,0.245331,0.236993,0.873933,0.236993,0.773933,0.236993,0.245331,0.236993,0.631346,0.0472727,0.873933,0.0472727,0.773933,0.0472727,0.245331,0.0472727,0.583228,0.689773,0.873933,0.689773,0.773933,0.877273,0.773933,0.877273,0.873933,0.689773,0.503229,0.877273,0.503229,0.877273,0.0353322,0.689773,0.0430713,0.0647726,0.873933,0.0647726,0.773933,-0.122727,0.773933,-0.122727,0.873933,0.0647726,0.245331,-0.122727,0.245331,-0.122727,0.713228,0.0647726,0.705489,0.439773,0.873933,0.439773,0.773933,0.252273,0.773933,0.252273,0.873933,0.439773,0.245331,0.252273,0.245331,0.252273,0.683228,0.439773,0.648228,0.517552,0.873933,0.517552,0.773933,0.517552,0.245331,0.517552,0.631346,0.707273,0.873933,0.707273,0.773933,0.707273,0.245331,0.707273,0.583228,0.0647726,0.873933,-0.122727,0.873933,-0.122727,0.773933,0.0647726,0.773933,0.0647726,0.503229,0.0647726,0.0430713,-0.122727,0.0353322,-0.122727,0.503229,0.314554,0.873933,0.197796,0.873933,0.197796,0.773933,0.314554,0.773933,0.313045,0.503229,0.314554,0.0924549,0.197796,0.0623541,0.190081,0.503229,0.379522,0.873933,0.379522,0.773933,0.378769,0.503229,0.379522,0.109338,0.557273,0.873933,0.557273,0.773933,0.557273,0.503229,0.557273,0.165332,0.375023,0.873933,0.375023,0.773933,0.375776,0.503229,0.375023,0.109338,0.197273,0.873933,0.197273,0.773933,0.197273,0.503229,0.197273,0.165332]],